subject_id,mfd_true,mfd_sd_true,mfd_false,mfd_sd_false,msa_true,msa_sd_true,msa_false,msa_sd_false,mfd_overall,mfd_overall_sd,msa_overall,msa_overall_sd
s3,219.56494708994708,67.02805229438385,204.29916666666668,41.72956077364236,56.22367573355845,6.641952930867889,55.31853314656871,5.974470475510169,209.0368226600985,51.43071781665838,55.59943946666896,6.203477899236573
s5,178.23090277777774,27.468520832816292,205.85205627705633,39.37667591755229,52.67743331440874,5.919970412934832,51.06976429128652,9.400874778985118,196.10341386554623,37.99754072767264,51.6371768876826,8.37521391843391
s11,199.64682539682542,40.4968071132696,177.0125,29.206599746461418,53.16987402798592,6.497759668090003,43.613132470888885,4.980032638489508,190.59309523809526,38.054698317057614,49.34717740514711,7.561238831045973
s17,219.28333333333336,28.72605959751528,233.660989010989,45.63342078529719,50.774299427471526,4.827509981343253,51.925240369472675,3.54717953233678,227.40983436853003,39.83202968382716,51.424831264254784,4.191648205970465
s19,193.6,0.0,153.64200244200245,19.206204119729545,60.954964982821814,0.0,42.7824147862859,6.963726624836776,156.49614512471658,21.176154614249125,44.080454086038465,8.181286341771408
s25,168.06666666666666,22.023106552487594,177.08316326530613,32.39118955154141,54.81667240581547,2.5709550919052893,57.237988538158966,3.7192101048639206,175.4920168067227,31.007164112797838,56.81069745598069,3.6619607298491466
s31,211.30138888888888,35.93574789072922,190.609873015873,28.797433618901206,37.24446405141617,4.982789410843028,41.91844889293946,5.15455142338609,195.6259980759981,31.93654179973685,40.785361658630784,5.491760621377242
s33,194.5354256854257,42.874953739913295,235.34083998335177,40.69142226189134,45.95976887817373,6.797660756408183,50.32674550423686,7.375082641182013,224.21209062937191,45.120067662162036,49.13575187894692,7.479472864138346
