subject_id,mfd_true,mfd_sd_true,mfd_false,mfd_sd_false,msa_true,msa_sd_true,msa_false,msa_sd_false,mfd_overall,mfd_overall_sd,msa_overall,msa_overall_sd
s5,178.23090277777774,27.468520832816292,205.85205627705633,39.37667591755229,631.9546895911634,123.14961709862361,618.2779755711977,200.8091970368328,196.10341386554623,37.99754072767264,623.1050511076562,177.44739779934332
s17,219.28333333333336,28.72605959751528,233.660989010989,45.63342078529719,601.7665405918242,109.3394424287534,612.9242699175768,81.32326360316287,227.40983436853003,39.83202968382716,608.0730832542062,94.69170922486164
s19,193.6,0.0,153.64200244200245,19.206204119729545,821.5614344584034,0.0,449.7591436224626,117.71291696216532,156.49614512471658,21.176154614249125,476.3164501107441,148.44315331772134
s31,211.30138888888888,35.93574789072922,190.609873015873,28.797433618901206,384.55329651332636,74.59729284970086,470.6070895465117,81.04512610992562,195.6259980759981,31.93654179973685,449.7455639627091,87.66433841510262
s3,219.56494708994708,67.02805229438385,204.29916666666668,41.72956077364236,741.3160046803391,129.73143420427274,714.5576956617003,148.30802973641147,209.0368226600985,51.43071781665838,722.861998460588,143.33729462496828
s11,199.64682539682542,40.4968071132696,177.0125,29.206599746461418,654.1490440232416,139.36411805096276,445.6631410276787,74.3104614629303,190.59309523809526,38.054698317057614,570.7546828250164,155.86584466359884
s25,168.06666666666666,22.023106552487594,177.08316326530613,32.39118955154141,682.1922859419115,80.0464518343865,741.8046091238011,113.35397328135701,175.4920168067227,31.007164112797838,731.2847873858207,110.58390031764218
s33,194.5354256854257,42.874953739913295,235.34083998335177,40.69142226189134,526.0646469430874,131.57275972073322,612.873361325867,158.8204966615475,224.21209062937191,45.120067662162036,589.1982574032908,156.7184555052133
