subject_id,mfd_true,mfd_sd_true,mfd_false,mfd_sd_false,msa_true,msa_sd_true,msa_false,msa_sd_false,mfd_overall,mfd_overall_sd,msa_overall,msa_overall_sd
s3,219.56494708994708,67.02805229438385,204.29916666666668,41.72956077364236,1.0316014949467334,0.24650182556381936,1.237965401019861,0.3002033627072572,209.0368226600985,51.43071781665838,1.17392143016958,0.30020893927359377
s5,178.23090277777774,27.468520832816292,205.85205627705633,39.37667591755229,1.3399190016708535,0.4525682911856344,1.272825892600097,0.47965801773994077,196.10341386554623,37.99754072767264,1.2965058134485994,0.47136688954817374
s11,199.64682539682542,40.4968071132696,177.0125,29.206599746461418,0.990813582831105,0.1262416063645784,1.1133258398535502,0.19290709581716278,190.59309523809526,38.054698317057614,1.0398184856400832,0.16748028451768995
s17,219.28333333333336,28.72605959751528,233.660989010989,45.63342078529719,1.226066551889653,0.37538971462092796,1.2592682766801317,0.27864589117462013,227.40983436853003,39.83202968382716,1.2448327441625324,0.3246918942651558
s19,193.6,0.0,153.64200244200245,19.206204119729545,0.6179152500543437,0.0,1.0633372926635545,0.30069517433469195,156.49614512471658,21.176154614249125,1.0315214324771822,0.3116382922667145
s25,168.06666666666666,22.023106552487594,177.08316326530613,32.39118955154141,1.5023131161939194,0.25744227295674993,1.0909272315395202,0.42213400710007853,175.4920168067227,31.007164112797838,1.1635247405961788,0.42783363436781136
s31,211.30138888888888,35.93574789072922,190.609873015873,28.797433618901206,1.4535688853459448,0.21317359563539773,1.22907630046011,0.20079557582268812,195.6259980759981,31.93654179973685,1.2834987452809183,0.22542561224162408
s33,194.5354256854257,42.874953739913295,235.34083998335177,40.69142226189134,0.9535381247805554,0.23605290710462898,0.7363276905036864,0.20825838712940078,224.21209062937191,45.120067662162036,0.7955668998519233,0.23684946627946585
